item,y,z,area
point#0,0.8660254037844387,0.49999999999999994,-
point#1,0.25881904510252096,0.9659258262890682,-
point#2,-0.4999999999999998,0.8660254037844387,-
point#3,-0.9659258262890682,0.258819045102521,-
point#4,-0.8660254037844388,-0.4999999999999997,-
point#5,-0.25881904510252063,-0.9659258262890683,-
point#6,0.5000000000000001,-0.8660254037844386,-
point#7,0.9659258262890683,-0.2588190451025207,-
point#8,0.0,0.0,1
