item,y,z,area
point#0,21.65063509461097,12.499999999999998,-
point#1,6.470476127563024,24.148145657226706,-
point#2,-12.499999999999995,21.65063509461097,-
point#3,-24.148145657226706,6.470476127563026,-
point#4,-21.65063509461097,-12.499999999999993,-
point#5,-6.470476127563016,-24.148145657226706,-
point#6,12.500000000000004,-21.650635094610966,-
point#7,24.148145657226706,-6.470476127563017,-
point#8,0.0,0.0,1
